label,person,P21,gender,relation
Phil Simmons,Q6827914,Q6581097,male,equivalent-to
Phil Simmons,Q6827914,Q6581097,male,member
Phil Simmons,Q6827914,Q6581097,male,position-held
Nasser Hussain,Q3520174,Q6581097,male,member
Nasser Hussain,Q3520174,Q6581097,male,position-held
Peter Such,Q6836032,Q6581097,male,member
Peter Such,Q6836032,Q6581097,male,position-held
Mark Butcher,Q6766945,Q6581097,male,member
Mark Butcher,Q6766945,Q6581097,male,position-held
Tom Moody,Q3537597,Q6581097,male,member
Tom Moody,Q3537597,Q6581097,male,position-held
Martin McCague,Q6584108,Q6581097,male,opposite
Martin McCague,Q6584108,Q6581097,male,position-held
Alan Shearer,Q483583,Q6581097,male,position-held
Tony Adams,Q299391,Q6581097,male,position-held
Teddy Sheringham,Q234576,Q6581097,male,position-held
Les Ferdinand,Q311709,Q6581097,male,position-held
Cosmin Contra,Q296215,Q6581097,male,position-held
Mihai Tararache,Q519125,Q6581097,male,position-held
Jansher Khan,Q174595,Q6581097,male,position-held
Jansher Khan,Q174595,Q6581097,male,geographicalRelation
Jansher Khan,Q174595,Q6581097,male,participated
Dan Jenson,Q3610466,Q6581097,male,participated
Dan Jenson,Q3610466,Q6581097,male,geographicalRelation
Peter Nicol,Q719333,Q6581097,male,geographicalRelation
Peter Nicol,Q719333,Q6581097,male,participated
Rodney Eyles,Q336331,Q6581097,male,geographicalRelation
Rodney Eyles,Q336331,Q6581097,male,participated
Sandrine Testud,Q259026,Q6581072,female,geographicalRelation
Sandrine Testud,Q259026,Q6581072,female,participated
Scott Draper,Q942937,Q6581097,male,participated
Scott Draper,Q942937,Q6581097,male,geographicalRelation
Tim Henman,Q221737,Q6581097,male,geographicalRelation
Tim Henman,Q221737,Q6581097,male,participated
Doug Flach,Q463811,Q6581097,male,participated
Doug Flach,Q463811,Q6581097,male,geographicalRelation
Mark Philippoussis,Q310949,Q6581097,male,geographicalRelation
Mark Philippoussis,Q310949,Q6581097,male,participated
Andrei Olhovskiy,Q502583,Q6581097,male,participated
Andrei Olhovskiy,Q502583,Q6581097,male,geographicalRelation
Sjeng Schalken,Q469324,Q6581097,male,geographicalRelation
Sjeng Schalken,Q469324,Q6581097,male,participated
David Rikl,Q559917,Q6581097,male,participated
David Rikl,Q559917,Q6581097,male,geographicalRelation
Guy Forget,Q560175,Q6581097,male,geographicalRelation
Guy Forget,Q560175,Q6581097,male,participated
Lindsay Davenport,Q11677,Q6581072,female,geographicalRelation
Lindsay Davenport,Q11677,Q6581072,female,participated
Amanda Coetzer,Q233339,Q6581072,female,geographicalRelation
Amanda Coetzer,Q233339,Q6581072,female,participated
Roberto Carretero,Q1640440,Q6581097,male,participated
Roberto Carretero,Q1640440,Q6581097,male,geographicalRelation
Linda Wild,Q3241386,Q6581072,female,geographicalRelation
Linda Wild,Q3241386,Q6581072,female,participated
Barbara Rittner,Q62208,Q6581072,female,participated
Barbara Rittner,Q62208,Q6581072,female,geographicalRelation
Gabriela Sabatini,Q105868,Q6581072,female,participated
Gabriela Sabatini,Q105868,Q6581072,female,geographicalRelation
Pete Sampras,Q9446,Q6581097,male,geographicalRelation
Pete Sampras,Q9446,Q6581097,male,participated
Paul Haarhuis,Q29441,Q6581097,male,geographicalRelation
Paul Haarhuis,Q29441,Q6581097,male,participated
Michael Tebbutt,Q552674,Q6581097,male,participated
Michael Tebbutt,Q552674,Q6581097,male,geographicalRelation
Lisa Raymond,Q10129,Q6581072,female,geographicalRelation
Lisa Raymond,Q10129,Q6581072,female,participated
Kimberly Po,Q297948,Q6581072,female,participated
Kimberly Po,Q297948,Q6581072,female,geographicalRelation
Thomas Johansson,Q277802,Q6581097,male,participated
Thomas Johansson,Q277802,Q6581097,male,geographicalRelation
Petr Korda,Q312717,Q6581097,male,geographicalRelation
Petr Korda,Q312717,Q6581097,male,participated
Bohdan Ulihrach,Q718178,Q6581097,male,participated
Bohdan Ulihrach,Q718178,Q6581097,male,geographicalRelation
Monica Seles,Q173633,Q6581072,female,geographicalRelation
Monica Seles,Q173633,Q6581072,female,participated
Dally Randriantefy,Q264088,Q6581072,female,participated
Dally Randriantefy,Q264088,Q6581072,female,geographicalRelation
Todd Martin,Q54536,Q6581097,male,geographicalRelation
Todd Martin,Q54536,Q6581097,male,participated
Todd Martin,Q54536,Q6581097,male,participated
Todd Martin,Q54536,Q6581097,male,position-held
Andrea Gaudenzi,Q201593,Q6581097,male,participated
Andrea Gaudenzi,Q201593,Q6581097,male,geographicalRelation
Stefan Edberg,Q189542,Q6581097,male,geographicalRelation
Stefan Edberg,Q189542,Q6581097,male,participated
Bernd Karbacher,Q73280,Q6581097,male,participated
Bernd Karbacher,Q73280,Q6581097,male,geographicalRelation
Andre Agassi,Q7407,Q6581097,male,position-held
MaliVai Washington,Q54691,Q6581097,male,position-held
MaliVai Washington,Q54691,Q6581097,male,position-held
Jeff Tarango,Q957450,Q6581097,male,participated
Jeff Tarango,Q957450,Q6581097,male,position-held
Leander Paes,Q296282,Q6581097,male,participated
Leander Paes,Q296282,Q6581097,male,geographicalRelation
Randall Cunningham,Q142656,Q6581097,male,position-held
Jesper Parnevik,Q1688112,Q6581097,male,geographicalRelation
Tiger Woods,Q10993,Q6581097,male,position-held
Nolan Henke,Q7048193,Q6581097,male,position-held
Joseph Conrad,Q82925,Q6581097,male,contributes
Charles Villiers Stanford,Q368264,Q6581097,male,contributes
Timothy Leary,Q211731,Q6581097,male,position-held
Bob Dylan,Q392,Q6581097,male,position-held
Alfonso Cuarón,Q28028,Q6581097,male,contributes
Nikola Tesla,Q9036,Q6581097,male,member
Philip K. Dick,Q171091,Q6581097,male,contributes
Horace,Q6197,Q6581097,male,member
Bernard Miles,Q822610,Q6581097,male,position-held
Albert Einstein,Q937,Q6581097,male,geographicalRelation
Charlie Chaplin,Q882,Q6581097,male,relationship
Charlie Chaplin,Q882,Q6581097,male,member
Charlie Chaplin,Q882,Q6581097,male,member
Jeroboam II,Q313232,Q6581097,male,participated
Jeroboam II,Q313232,Q6581097,male,position-held
Uzziah,Q313216,Q6581097,male,participated
Uzziah,Q313216,Q6581097,male,position-held
Ingrid Bergman,Q43247,Q6581072,female,contributes
Ingrid Bergman,Q43247,Q6581072,female,position-held
Sandrine Bonnaire,Q232937,Q6581072,female,position-held
Bruno Ganz,Q123206,Q6581097,male,position-held
Mario Puzo,Q182870,Q6581097,male,participated
Mario Puzo,Q182870,Q6581097,male,participated
John F. Kennedy,Q9696,Q6581097,male,participated
John F. Kennedy,Q9696,Q6581097,male,geographicalRelation
John F. Kennedy,Q9696,Q6581097,male,position-held
Hans Kmoch,Q517908,Q6581097,male,opposite
Hans Kmoch,Q517908,Q6581097,male,position-held
Virgil,Q1398,Q6581097,male,member
Averroes,Q39837,Q6581097,male,member
Homer,Q6691,Q6581097,male,member
Homer,Q6691,Q6581097,male,member
Homer,Q6691,Q6581097,male,relationship
Homer,Q6691,Q6581097,male,relationship
Homer,Q6691,Q6581097,male,relationship
Ovid,Q7198,Q6581097,male,member
Lucan,Q188646,Q6581097,male,member
Socrates,Q913,Q6581097,male,member
Plato,Q859,Q6581097,male,member
Saladin,Q8581,Q6581097,male,member
Nicky Henson,Q15497351,Q6581097,male,position-held
Nicky Henson,Q15497351,Q6581097,male,contributes
Nicky Henson,Q15497351,Q6581097,male,position-held
Nicky Henson,Q15497351,Q6581097,male,contributes
Toby Jones,Q342419,Q6581097,male,position-held
Toby Jones,Q342419,Q6581097,male,contributes
Toby Jones,Q342419,Q6581097,male,position-held
Toby Jones,Q342419,Q6581097,male,contributes
Ralph Ineson,Q1272489,Q6581097,male,position-held
Ralph Ineson,Q1272489,Q6581097,male,contributes
Ralph Ineson,Q1272489,Q6581097,male,position-held
Ralph Ineson,Q1272489,Q6581097,male,contributes
Luchino Visconti,Q13888,Q6581097,male,position-held
Burt Lancaster,Q160528,Q6581097,male,position-held
Alain Delon,Q106529,Q6581097,male,position-held
Claudia Cardinale,Q107006,Q6581072,female,position-held
Tom Tykwer,Q57231,Q6581097,male,position-held
Belisarius,Q174943,Q6581097,male,topic
Belisarius,Q174943,Q6581097,male,geographicalRelation
Pope Innocent II,Q170386,Q6581097,male,position-held
Pope Innocent II,Q170386,Q6581097,male,position-held
Pope Innocent II,Q170386,Q6581097,male,position-held
Pope Innocent II,Q170386,Q6581097,male,position-held
Pope Innocent II,Q170386,Q6581097,male,position-held
Pope Innocent II,Q170386,Q6581097,male,position-held
Pope Innocent II,Q170386,Q6581097,male,opposite
Christopher Marlowe,Q28975,Q6581097,male,position-held
Paul Newman,Q41871,Q6581097,male,position-held
Bernard Crick,Q2897748,Q6581097,male,position-held
Leslie Caron,Q230023,Q6581072,female,position-held
Louis Jourdan,Q364083,Q6581097,male,position-held
Maurice Chevalier,Q106001,Q6581097,male,position-held
George W. Bush,Q207,Q6581097,male,position-held
George W. Bush,Q207,Q6581097,male,contributes
Augustus,Q1405,Q6581097,male,participated
Augustus,Q1405,Q6581097,male,participated
Augustus,Q1405,Q6581097,male,participated
Augustus,Q1405,Q6581097,male,participated
Augustus,Q1405,Q6581097,male,participated
Augustus,Q1405,Q6581097,male,position-held
Augustus,Q1405,Q6581097,male,position-held
Augustus,Q1405,Q6581097,male,geographicalRelation
Augustus,Q1405,Q6581097,male,opposite
Augustus,Q1405,Q6581097,male,geographicalRelation
Augustus,Q1405,Q6581097,male,position-held
Augustus,Q1405,Q6581097,male,position-held
Allan Gotthelf,Q4730637,Q6581097,male,contributes
Allan Gotthelf,Q4730637,Q6581097,male,position-held
David Kelley,Q5235902,Q6581097,male,contributes
David Kelley,Q5235902,Q6581097,male,position-held
David Kelley,Q5235902,Q6581097,male,opposite
Eric Stoltz,Q318267,Q6581097,male,position-held
Terence Davies,Q773523,Q6581097,male,position-held
Johnny Gruelle,Q6266817,Q6581097,male,contributes
Kenneth Branagh,Q55294,Q6581097,male,geographicalRelation
Kenneth Branagh,Q55294,Q6581097,male,participated
Adolf Hitler,Q352,Q6581097,male,member
Adolf Hitler,Q352,Q6581097,male,geographicalRelation
Adolf Hitler,Q352,Q6581097,male,geographicalRelation
James Wilby,Q652715,Q6581097,male,position-held
James Wilby,Q652715,Q6581097,male,contributes
Jonathan Pryce,Q312702,Q6581097,male,position-held
Jonathan Pryce,Q312702,Q6581097,male,member
Eupolemus,Q3362836,Q6581097,male,member
Eupolemus,Q3362836,Q6581097,male,geographicalRelation
Moses,Q9077,Q6581097,male,position-held
Moses,Q9077,Q6581097,male,equivalent-to
Moses,Q9077,Q6581097,male,contributes
Chaim Weizmann,Q172183,Q6581097,male,position-held
Boris Barnet,Q203519,Q6581097,male,member
Sergei Parajanov,Q311311,Q6581097,male,member
Alexander Dovzhenko,Q55198,Q6581097,male,member
Bill Clinton,Q1124,Q6581097,male,position-held
Johnny Cash,Q42775,Q6581097,male,contributes
Johnny Cash,Q42775,Q6581097,male,contributes
Johnny Cash,Q42775,Q6581097,male,participated
Earl Scruggs,Q74032,Q6581097,male,position-held
Apuleius,Q170512,Q6581097,male,geographicalRelation
Apuleius,Q170512,Q6581097,male,equivalent-to
Apuleius,Q170512,Q6581097,male,equivalent-to
Septimius Severus,Q1442,Q6581097,male,equivalent-to
Wes Anderson,Q223687,Q6581097,male,contributes
Jason Schwartzman,Q313705,Q6581097,male,position-held
Adrien Brody,Q104514,Q6581097,male,position-held
Warren Lewis,Q3038321,Q6581097,male,member
Warren Lewis,Q3038321,Q6581097,male,position-held
Robert Knox,Q352109,Q6581097,male,equivalent-to
Robert Knox,Q352109,Q6581097,male,position-held
Robert Knox,Q352109,Q6581097,male,contributes
Rajasinha II of Kandy,Q3454159,Q6581097,male,position-held
Rajasinha II of Kandy,Q3454159,Q6581097,male,geographicalRelation
Rajasinha II of Kandy,Q3454159,Q6581097,male,position-held
Albert Gallatin,Q500046,Q6581097,male,position-held
Claude Rains,Q318734,Q6581097,male,contributes
Claude Rains,Q318734,Q6581097,male,position-held
Bal Thackeray,Q61193,Q6581097,male,position-held
Bal Thackeray,Q61193,Q6581097,male,position-held
Bal Thackeray,Q61193,Q6581097,male,geographicalRelation
Arthur Miller,Q80596,Q6581097,male,position-held
Vijayachandra,Q27619950,Q6581097,male,relationship
Jayachandra,Q6123506,Q6581097,male,relationship
Kim Novak,Q212879,Q6581072,female,position-held
Eva Marie Saint,Q228928,Q6581072,female,position-held
Tony Blair,Q9545,Q6581097,male,equivalent-to
Grete Trakl,Q18563278,Q6581072,female,relationship
Donald Cammell,Q975488,Q6581097,male,contributes
Nicolas Roeg,Q51541,Q6581097,male,contributes
Ned Kelly,Q301816,Q6581097,male,position-held
Ned Kelly,Q301816,Q6581097,male,equivalent-to
Ned Kelly,Q301816,Q6581097,male,contributes
George Washington,Q23,Q6581097,male,position-held
Margaret of Valois,Q220845,Q6581072,female,position-held
Rod Taylor,Q308459,Q6581097,male,member
Rod Taylor,Q308459,Q6581097,male,position-held
Allan Massie,Q530321,Q6581097,male,position-held
Allan Massie,Q530321,Q6581097,male,position-held
Helen C. White,Q16005909,Q6581072,female,position-held
Pliny the Elder,Q82778,Q6581097,male,contributes
Sennacherib,Q207140,Q6581097,male,equivalent-to
Sennacherib,Q207140,Q6581097,male,geographicalRelation
John Milius,Q83859,Q6581097,male,contributes
Brion James,Q723780,Q6581097,male,equivalent-to
Brion James,Q723780,Q6581097,male,contributes
Joanna Cassidy,Q236702,Q6581072,female,equivalent-to
Joanna Cassidy,Q236702,Q6581072,female,contributes
Lee Sedol,Q486559,Q6581097,male,participated
Lee Sedol,Q486559,Q6581097,male,participated
Sakichi Toyoda,Q137727,Q6581097,male,contributes
Mamie Van Doren,Q264596,Q6581072,female,position-held
Pinky Lee,Q7196241,Q6581097,male,position-held
Sean Young,Q230736,Q6581072,female,position-held
Sean Young,Q230736,Q6581072,female,equivalent-to
Sean Young,Q230736,Q6581072,female,contributes
Hampton Fancher,Q1372703,Q6581097,male,equivalent-to
Hampton Fancher,Q1372703,Q6581097,male,contributes
Michael Deeley,Q656655,Q6581097,male,position-held
Manuel Toharia,Q2885212,Q6581097,male,geographicalRelation
Manuel Toharia,Q2885212,Q6581097,male,position-held
Manuel Toharia,Q2885212,Q6581097,male,position-held
Mick Foley,Q10731,Q6581097,male,position-held
Paul J. McAuley,Q187085,Q6581097,male,contributes
Lester del Rey,Q684748,Q6581097,male,contributes
Fernando Lamas,Q1146217,Q6581097,male,position-held
Arlene Dahl,Q447879,Q6581072,female,position-held
David Arquette,Q294185,Q6581097,male,position-held
Elizabeth Berkley,Q129831,Q6581072,female,position-held
Thomas Jane,Q18938,Q6581097,male,position-held
Norman McLaren,Q716552,Q6581097,male,position-held
Norman McLaren,Q716552,Q6581097,male,position-held
Norman McLaren,Q716552,Q6581097,male,position-held
J. Michael Straczynski,Q126941,Q6581097,male,contributes
Yukimasa Kishino,Q3573163,Q6581097,male,contributes
Yukimasa Kishino,Q3573163,Q6581097,male,position-held
Akio Ōtsuka,Q418649,Q6581097,male,contributes
Akio Ōtsuka,Q418649,Q6581097,male,position-held
Jūrōta Kosugi,Q1187760,Q6581097,male,contributes
Jūrōta Kosugi,Q1187760,Q6581097,male,position-held
Fumiko Orikasa,Q49547,Q6581072,female,contributes
Fumiko Orikasa,Q49547,Q6581072,female,position-held
Fumihiko Tachiki,Q1142856,Q6581097,male,contributes
Fumihiko Tachiki,Q1142856,Q6581097,male,position-held
Masaaki Tsukada,Q1625322,Q6581097,male,contributes
Masaaki Tsukada,Q1625322,Q6581097,male,position-held
Billy the Kid,Q44200,Q6581097,male,geographicalRelation
John Chisum,Q1383899,Q6581097,male,geographicalRelation
Lawrence Murphy,Q6374029,Q6581097,male,geographicalRelation
Lawrence Murphy,Q6374029,Q6581097,male,opposite
Lawrence Murphy,Q6374029,Q6581097,male,opposite
Gavrilo Princip,Q80492,Q6581097,male,position-held
Gavrilo Princip,Q80492,Q6581097,male,position-held
Gavrilo Princip,Q80492,Q6581097,male,geographicalRelation
Trifko Grabež,Q964414,Q6581097,male,position-held
Trifko Grabež,Q964414,Q6581097,male,position-held
Trifko Grabež,Q964414,Q6581097,male,geographicalRelation
Gwen Cooper,Q508160,Q6581072,female,member
Gwen Cooper,Q508160,Q6581072,female,contributes
Gwen Cooper,Q508160,Q6581072,female,position-held
Eve Myles,Q254876,Q6581072,female,contributes
Eve Myles,Q254876,Q6581072,female,position-held
Eve Myles,Q254876,Q6581072,female,equivalent-to
Ianto Jones,Q3147354,Q6581097,male,member
Ianto Jones,Q3147354,Q6581097,male,contributes
Ianto Jones,Q3147354,Q6581097,male,position-held
Gareth David-Lloyd,Q934461,Q6581097,male,contributes
Gareth David-Lloyd,Q934461,Q6581097,male,position-held
Tommy Knight,Q3129345,Q6581097,male,contributes
Tommy Knight,Q3129345,Q6581097,male,position-held
Alexander Armstrong,Q2833080,Q6581097,male,contributes
Alexander Armstrong,Q2833080,Q6581097,male,position-held
Alexander Armstrong,Q2833080,Q6581097,male,equivalent-to
Tom Gehrels,Q312255,Q6581097,male,geographicalRelation
Tom Gehrels,Q312255,Q6581097,male,equivalent-to
Tom Gehrels,Q312255,Q6581097,male,geographicalRelation
Jack Splash,Q1677212,Q6581097,male,position-held
Shea Taylor,Q7492149,Q6581097,male,position-held
Lamont Dozier,Q2701959,Q6581097,male,position-held
Pharrell Williams,Q14313,Q6581097,male,position-held
Tracy Bond,Q2130544,Q6581072,female,member
Tracy Bond,Q2130544,Q6581072,female,contributes
Tracy Bond,Q2130544,Q6581072,female,position-held
Diana Rigg,Q232876,Q6581072,female,contributes
Diana Rigg,Q232876,Q6581072,female,position-held
Ilse Steppat,Q63586,Q6581072,female,contributes
Ilse Steppat,Q63586,Q6581072,female,position-held
John Tunstall,Q2001011,Q6581097,male,opposite
John Tunstall,Q2001011,Q6581097,male,opposite
Michele Besso,Q124446,Q6581097,male,relationship
Stephen Samuel Wise,Q1636973,Q6581097,male,relationship
Oliver Coleman,Q6050046,Q6581097,male,relationship
Walter Dyett,Q347481,Q6581097,male,relationship
Adjoa Andoh,Q2824489,Q6581072,female,position-held
Adjoa Andoh,Q2824489,Q6581072,female,contributes
Penelope Wilton,Q544165,Q6581072,female,position-held
Penelope Wilton,Q544165,Q6581072,female,contributes
Martha Jones,Q2526905,Q6581072,female,contributes
Martha Jones,Q2526905,Q6581072,female,opposite
Martha Jones,Q2526905,Q6581072,female,position-held
Martha Jones,Q2526905,Q6581072,female,contributes
Martha Jones,Q2526905,Q6581072,female,relationship
Martha Jones,Q2526905,Q6581072,female,opposite
Martha Jones,Q2526905,Q6581072,female,position-held
Harriet Jones,Q3127739,Q6581072,female,position-held
Harriet Jones,Q3127739,Q6581072,female,relationship
Harriet Jones,Q3127739,Q6581072,female,contributes
George Hearn,Q2625337,Q6581097,male,position-held
Angela Lansbury,Q206856,Q6581072,female,position-held
Otto Heckmann,Q62016,Q6581097,male,position-held
Tenth Doctor,Q2656347,Q6581097,male,relationship
Tenth Doctor,Q2656347,Q6581097,male,relationship
Tenth Doctor,Q2656347,Q6581097,male,member
Tenth Doctor,Q2656347,Q6581097,male,contributes
Tenth Doctor,Q2656347,Q6581097,male,position-held
David Tennant,Q214601,Q6581097,male,contributes
David Tennant,Q214601,Q6581097,male,position-held
David Tennant,Q214601,Q6581097,male,contributes
David Tennant,Q214601,Q6581097,male,position-held
Donna Noble,Q2987625,Q6581072,female,contributes
Donna Noble,Q2987625,Q6581072,female,opposite
Donna Noble,Q2987625,Q6581072,female,position-held
Donna Noble,Q2987625,Q6581072,female,contributes
Donna Noble,Q2987625,Q6581072,female,position-held
Catherine Tate,Q254766,Q6581072,female,contributes
Catherine Tate,Q254766,Q6581072,female,position-held
Catherine Tate,Q254766,Q6581072,female,contributes
Catherine Tate,Q254766,Q6581072,female,position-held
Jack Harkness,Q561140,Q6581097,male,contributes
Jack Harkness,Q561140,Q6581097,male,opposite
Jack Harkness,Q561140,Q6581097,male,position-held
John Barrowman,Q24632,Q6581097,male,contributes
John Barrowman,Q24632,Q6581097,male,position-held
Freema Agyeman,Q234430,Q6581072,female,contributes
Freema Agyeman,Q234430,Q6581072,female,position-held
Freema Agyeman,Q234430,Q6581072,female,contributes
Freema Agyeman,Q234430,Q6581072,female,position-held
Sarah Jane Smith,Q587725,Q6581072,female,contributes
Sarah Jane Smith,Q587725,Q6581072,female,opposite
Sarah Jane Smith,Q587725,Q6581072,female,position-held
Sarah Jane Smith,Q587725,Q6581072,female,contributes
Sarah Jane Smith,Q587725,Q6581072,female,relationship
Sarah Jane Smith,Q587725,Q6581072,female,opposite
Sarah Jane Smith,Q587725,Q6581072,female,position-held
Elisabeth Sladen,Q234539,Q6581072,female,contributes
Elisabeth Sladen,Q234539,Q6581072,female,position-held
Elisabeth Sladen,Q234539,Q6581072,female,contributes
Elisabeth Sladen,Q234539,Q6581072,female,position-held
Rose Tyler,Q2071982,Q6581072,female,contributes
Rose Tyler,Q2071982,Q6581072,female,opposite
Rose Tyler,Q2071982,Q6581072,female,position-held
Rose Tyler,Q2071982,Q6581072,female,contributes
Rose Tyler,Q2071982,Q6581072,female,position-held
Billie Piper,Q151113,Q6581072,female,contributes
Billie Piper,Q151113,Q6581072,female,position-held
Billie Piper,Q151113,Q6581072,female,contributes
Billie Piper,Q151113,Q6581072,female,position-held
Richard E. Grant,Q380856,Q6581097,male,contributes
Richard E. Grant,Q380856,Q6581097,male,position-held
Jim Broadbent,Q185079,Q6581097,male,position-held
Jim Broadbent,Q185079,Q6581097,male,contributes
Jim Broadbent,Q185079,Q6581097,male,position-held
Hugh Grant,Q163286,Q6581097,male,contributes
Hugh Grant,Q163286,Q6581097,male,position-held
Joanna Lumley,Q254886,Q6581072,female,contributes
Joanna Lumley,Q254886,Q6581072,female,position-held
Claudia Black,Q229225,Q6581072,female,position-held
Claudia Black,Q229225,Q6581072,female,position-held
Claudia Black,Q229225,Q6581072,female,contributes
Virginia Hey,Q275502,Q6581072,female,position-held
Virginia Hey,Q275502,Q6581072,female,position-held
Virginia Hey,Q275502,Q6581072,female,contributes
Greg P. Russell,Q1305465,Q6581097,male,position-held
Lee Orloff,Q2506653,Q6581097,male,position-held
Tennessee Williams,Q134262,Q6581097,male,position-held
Georg Joos,Q90697,Q6581097,male,position-held
Otto Scherzer,Q107545,Q6581097,male,position-held
Shulamit Aloni,Q267335,Q6581072,female,position-held
Yann Fouéré,Q2571747,Q6581097,male,position-held
Yann Fouéré,Q2571747,Q6581097,male,is-a
Alan Heusaff,Q2830523,Q6581097,male,position-held
Alan Heusaff,Q2830523,Q6581097,male,is-a
Peter Berresford Ellis,Q1727806,Q6581097,male,position-held
Richard Nixon,Q9588,Q6581097,male,geographicalRelation
Allan Nevins,Q3380712,Q6581097,male,contributes
Pete Wilson,Q714909,Q6581097,male,position-held
Carroll Clark,Q458833,Q6581097,male,position-held
Van Nest Polglase,Q1474823,Q6581097,male,position-held
Hermes Pan,Q927824,Q6581097,male,position-held
Hermes Pan,Q927824,Q6581097,male,contributes
Hermes Pan,Q927824,Q6581097,male,contributes
Gregory Peck,Q108366,Q6581097,male,position-held
Antonia Apodaca,Q17385586,Q6581072,female,member
Holly Holliday,Q3139387,Q6581072,female,position-held
Holly Holliday,Q3139387,Q6581072,female,contributes
Holly Holliday,Q3139387,Q6581072,female,member
James Cagney,Q94041,Q6581097,male,participated
Barney Bubbles,Q2062642,Q6581097,male,position-held
Barney Bubbles,Q2062642,Q6581097,male,position-held
Barney Bubbles,Q2062642,Q6581097,male,position-held
Barney Bubbles,Q2062642,Q6581097,male,position-held
Barney Bubbles,Q2062642,Q6581097,male,position-held
Barney Bubbles,Q2062642,Q6581097,male,position-held
Barney Bubbles,Q2062642,Q6581097,male,position-held
Barney Bubbles,Q2062642,Q6581097,male,position-held
Barney Bubbles,Q2062642,Q6581097,male,position-held
Barney Bubbles,Q2062642,Q6581097,male,position-held
Barney Bubbles,Q2062642,Q6581097,male,position-held
Barney Bubbles,Q2062642,Q6581097,male,contributes
George Lucas,Q38222,Q6581097,male,position-held
Willard Huyck,Q1383657,Q6581097,male,position-held
Gloria Katz,Q133631,Q6581072,female,position-held
Candy Clark,Q40067,Q6581072,female,position-held
Verna Fields,Q2517245,Q6581072,female,position-held
Michael Jackson,Q2831,Q6581097,male,position-held
Michael Jackson,Q2831,Q6581097,male,member
Bob Marley,Q409,Q6581097,male,relationship
Robert De Niro,Q36949,Q6581097,male,position-held
Nick Grimshaw,Q547486,Q6581097,male,geographicalRelation
Rita Ora,Q229760,Q6581072,female,geographicalRelation
Paolo Nutini,Q313704,Q6581097,male,geographicalRelation
Constanța Burcică,Q267577,Q6581072,female,participated
Constanța Burcică,Q267577,Q6581072,female,participated
Ricky Martin,Q128799,Q6581097,male,member
Ricky Martin,Q128799,Q6581097,male,position-held
Justin Timberlake,Q43432,Q6581097,male,member
Justin Timberlake,Q43432,Q6581097,male,position-held
Ronan Keating,Q311467,Q6581097,male,member
Ronan Keating,Q311467,Q6581097,male,position-held
Ivan Mladina,Q6097015,Q6581097,male,geographicalRelation
Ivan Mladina,Q6097015,Q6581097,male,geographicalRelation
Ivan Mladina,Q6097015,Q6581097,male,position-held
Tim Burton,Q56008,Q6581097,male,geographicalRelation
Tim Burton,Q56008,Q6581097,male,participated
Tim Burton,Q56008,Q6581097,male,contributes
Tim Burton,Q56008,Q6581097,male,contributes
Evan Lysacek,Q299225,Q6581097,male,usage
Evan Lysacek,Q299225,Q6581097,male,participated
Walter Huston,Q162621,Q6581097,male,position-held
George Amy,Q1255794,Q6581097,male,position-held
Diane Keaton,Q102642,Q6581072,female,participated
Diane Keaton,Q102642,Q6581072,female,position-held
Diane Keaton,Q102642,Q6581072,female,equivalent-to
Woody Allen,Q25089,Q6581097,male,participated
Lucian K. Truscott IV,Q16116980,Q6581097,male,position-held
Francis Ford Coppola,Q56094,Q6581097,male,position-held
Sara Ramirez,Q40069,Q48270,non_binary,contributes
Sara Ramirez,Q40069,Q48270,non_binary,position-held
Tigran Chukhajian,Q1382028,Q6581097,male,contributes
Tigran Chukhajian,Q1382028,Q6581097,male,equivalent-to
Jimi Hendrix,Q5928,Q6581097,male,equivalent-to
Simon Fuller,Q367691,Q6581097,male,position-held
Simon Fuller,Q367691,Q6581097,male,position-held
Simon Fuller,Q367691,Q6581097,male,position-held
Simon Fuller,Q367691,Q6581097,male,position-held
Simon Fuller,Q367691,Q6581097,male,position-held
Simon Fuller,Q367691,Q6581097,male,position-held
Simon Fuller,Q367691,Q6581097,male,position-held
Simon Fuller,Q367691,Q6581097,male,position-held
Lawrence Turman,Q370417,Q6581097,male,position-held
Dustin Hoffman,Q42930,Q6581097,male,position-held
Anne Bancroft,Q183532,Q6581072,female,position-held
Katharine Ross,Q232837,Q6581072,female,position-held
Buck Henry,Q999332,Q6581097,male,position-held
Calder Willingham,Q459230,Q6581097,male,position-held
Janis Joplin,Q1514,Q6581072,female,member
Janis Joplin,Q1514,Q6581072,female,member
Beyoncé,Q36153,Q6581072,female,position-held
Rihanna,Q36844,Q6581072,female,position-held
Cheryl Cohen-Greene,Q5092714,Q6581072,female,position-held
Cheryl Cohen-Greene,Q5092714,Q6581072,female,contributes
Cheryl Cohen-Greene,Q5092714,Q6581072,female,member
Cole Porter,Q215120,Q6581097,male,position-held
Mark Elder,Q328718,Q6581097,male,position-held
Sebastián Piñera,Q306,Q6581097,male,participated
Milt Gabler,Q145823,Q6581097,male,relationship
Milt Gabler,Q145823,Q6581097,male,position-held
Milt Gabler,Q145823,Q6581097,male,position-held
Edward af Sillén,Q5346042,Q6581097,male,position-held
Igor Shkvyrin,Q1659177,Q6581097,male,equivalent-to
Hassan Abbas,Q5679524,Q6581097,male,opposite
Hassan Abbas,Q5679524,Q6581097,male,position-held
Nader Jokhadar,Q6957562,Q6581097,male,position-held
Nader Jokhadar,Q6957562,Q6581097,male,opposite
Nader Jokhadar,Q6957562,Q6581097,male,position-held
Nader Jokhadar,Q6957562,Q6581097,male,position-held
Shu Kamo,Q1188632,Q6581097,male,position-held
Marcello Cuttitta,Q1421525,Q6581097,male,position-held
Stefano Bordon,Q3497946,Q6581097,male,position-held
Takuya Takagi,Q1365312,Q6581097,male,opposite
Takuya Takagi,Q1365312,Q6581097,male,position-held
Takuya Takagi,Q1365312,Q6581097,male,position-held
Salem Bitar,Q7404049,Q6581097,male,opposite
Salem Bitar,Q7404049,Q6581097,male,position-held
Ammar Awad,Q45189358,Q6581097,male,opposite
Ammar Awad,Q45189358,Q6581097,male,position-held
Kenichi Shimokawa,Q2308310,Q6581097,male,opposite
Kenichi Shimokawa,Q2308310,Q6581097,male,opposite
Kenichi Shimokawa,Q2308310,Q6581097,male,position-held
Kazuyoshi Miura,Q331953,Q6581097,male,opposite
Kazuyoshi Miura,Q331953,Q6581097,male,position-held
Naoki Soma,Q957989,Q6581097,male,position-held
Naoki Soma,Q957989,Q6581097,male,position-held
Norio Omura,Q2427349,Q6581097,male,position-held
Motohiro Yamaguchi,Q583806,Q6581097,male,position-held
Yasuto Honda,Q2213316,Q6581097,male,position-held
Tarek Jabban,Q7685767,Q6581097,male,position-held
Abdul Latif Helou,Q4665502,Q6581097,male,position-held
Jean-Luc Brassard,Q3167097,Q6581097,male,geographicalRelation
Jim Moran,Q1337736,Q6581097,male,geographicalRelation
Troy Benson,Q7846762,Q6581097,male,geographicalRelation
Tatjana Mittermayer,Q88242,Q6581072,female,geographicalRelation
Candice Gilg,Q2936255,Q6581072,female,geographicalRelation
Minna Karhu,Q11781543,Q6581072,female,geographicalRelation
Tae Satoya,Q1186577,Q6581072,female,geographicalRelation
Donna Weinbrecht,Q4413243,Q6581072,female,geographicalRelation
Lee Bowyer,Q353520,Q6581097,male,position-held
Lee Bowyer,Q353520,Q6581097,male,member
Lee Bowyer,Q353520,Q6581097,male,geographicalRelation
Daniel Herbert,Q3013095,Q6581097,male,equivalent-to
Daniel Herbert,Q3013095,Q6581097,male,position-held
Daniel Herbert,Q3013095,Q6581097,male,position-held
Owen Finegan,Q3358996,Q6581097,male,opposite
Owen Finegan,Q3358996,Q6581097,male,position-held
Owen Finegan,Q3358996,Q6581097,male,position-held
Daniel Manu,Q3014401,Q6581097,male,position-held
David Campese,Q1173922,Q6581097,male,position-held
David Campese,Q1173922,Q6581097,male,member
David Campese,Q1173922,Q6581097,male,position-held
Rob Andrew,Q1403952,Q6581097,male,opposite
Rob Andrew,Q1403952,Q6581097,male,position-held
Rob Andrew,Q1403952,Q6581097,male,opposite
Rob Andrew,Q1403952,Q6581097,male,position-held
Rob Andrew,Q1403952,Q6581097,male,geographicalRelation
Tim Stimpson,Q3528697,Q6581097,male,position-held
Tim Stimpson,Q3528697,Q6581097,male,member
Tim Stimpson,Q3528697,Q6581097,male,position-held
Tim Stimpson,Q3528697,Q6581097,male,geographicalRelation
Tony Underwood,Q3531920,Q6581097,male,position-held
Tony Underwood,Q3531920,Q6581097,male,member
Tony Underwood,Q3531920,Q6581097,male,position-held
Tony Underwood,Q3531920,Q6581097,male,geographicalRelation
Norm Hewitt,Q7051494,Q6581097,male,position-held
Norm Hewitt,Q7051494,Q6581097,male,position-held
Norm Hewitt,Q7051494,Q6581097,male,position-held
Norm Hewitt,Q7051494,Q6581097,male,geographicalRelation
Allan Bateman,Q2837676,Q6581097,male,position-held
Allan Bateman,Q2837676,Q6581097,male,geographicalRelation
Gregor Townsend,Q3116311,Q6581097,male,position-held
Gregor Townsend,Q3116311,Q6581097,male,geographicalRelation
Rob Howley,Q981948,Q6581097,male,position-held
Rob Howley,Q981948,Q6581097,male,geographicalRelation
Scott Quinnell,Q1720081,Q6581097,male,position-held
Scott Quinnell,Q1720081,Q6581097,male,geographicalRelation
Neil Back,Q1168182,Q6581097,male,position-held
Neil Back,Q1168182,Q6581097,male,geographicalRelation
Dale McIntosh,Q5210548,Q6581097,male,position-held
Dale McIntosh,Q5210548,Q6581097,male,geographicalRelation
Craig Quinnell,Q3002051,Q6581097,male,position-held
Craig Quinnell,Q3002051,Q6581097,male,geographicalRelation
Darren Garforth,Q3016509,Q6581097,male,position-held
Darren Garforth,Q3016509,Q6581097,male,geographicalRelation
Nick Popplewell,Q3339789,Q6581097,male,position-held
Nick Popplewell,Q3339789,Q6581097,male,geographicalRelation
Tim Horan,Q3528646,Q6581097,male,position-held
Pat Howard,Q3368542,Q6581097,male,position-held
Michael Brial,Q3308056,Q6581097,male,position-held
David Giffin,Q3017962,Q6581097,male,position-held
Tim Gavin,Q636885,Q6581097,male,position-held
Andrew Blades,Q2846568,Q6581097,male,position-held
Des Terblanche,Q2337839,Q6581097,male,position-held
Des Terblanche,Q2337839,Q6581097,male,member
Mark McNulty,Q1349193,Q6581097,male,position-held
Mark McNulty,Q1349193,Q6581097,male,geographicalRelation
Steve van Vuuren,Q2470314,Q6581097,male,position-held
Steve van Vuuren,Q2470314,Q6581097,male,member
Nick Price,Q612279,Q6581097,male,position-held
Nick Price,Q612279,Q6581097,male,geographicalRelation
Schalk van der Merwe,Q7430937,Q6581097,male,geographicalRelation
Adilson da Silva,Q2752141,Q6581097,male,geographicalRelation
Trevor Dodds,Q2188375,Q6581097,male,geographicalRelation
Viorel Ion,Q3560510,Q6581097,male,position-held
Viorel Ion,Q3560510,Q6581097,male,position-held
Liviu Ciobotariu,Q926512,Q6581097,male,position-held
Liviu Ciobotariu,Q926512,Q6581097,male,position-held
Adrian Ilie,Q359484,Q6581097,male,position-held
Adrian Ilie,Q359484,Q6581097,male,position-held
Brian Lara,Q202877,Q6581097,male,position-held
Brian Lara,Q202877,Q6581097,male,position-held
Brian Lara,Q202877,Q6581097,male,position-held
Shane Warne,Q555240,Q6581097,male,position-held
Shane Warne,Q555240,Q6581097,male,position-held
Clive Lloyd,Q1101987,Q6581097,male,position-held
Geoff Marsh,Q2743480,Q6581097,male,member
Geoff Marsh,Q2743480,Q6581097,male,opposite
Geoff Marsh,Q2743480,Q6581097,male,member
Ian Healy,Q349135,Q6581097,male,opposite
Ian Healy,Q349135,Q6581097,male,member
Ian Healy,Q349135,Q6581097,male,position-held
Ian Healy,Q349135,Q6581097,male,position-held
Shivnarine Chanderpaul,Q967484,Q6581097,male,position-held
Shivnarine Chanderpaul,Q967484,Q6581097,male,position-held
Greg Blewett,Q5605307,Q6581097,male,position-held
Greg Blewett,Q5605307,Q6581097,male,position-held
David Boon,Q3017555,Q6581097,male,position-held
Shaun Young,Q7491013,Q6581097,male,position-held
Courtney Walsh,Q983740,Q6581097,male,position-held
Courtney Walsh,Q983740,Q6581097,male,position-held
Courtney Walsh,Q983740,Q6581097,male,position-held
Mark Waugh,Q3177366,Q6581097,male,position-held
Ricky Ponting,Q472649,Q6581097,male,position-held
Michael Bevan,Q3107289,Q6581097,male,position-held
Stuart Law,Q26992,Q6581097,male,position-held
Paul Reiffel,Q7153163,Q6581097,male,position-held
Jason Gillespie,Q3107260,Q6581097,male,position-held
Glenn McGrath,Q1392178,Q6581097,male,position-held
Sherwin Campbell,Q7495466,Q6581097,male,position-held
Robert Samuels,Q7349553,Q6581097,male,position-held
Carl Hooper,Q5040337,Q6581097,male,position-held
Jimmy Adams,Q3763931,Q6581097,male,position-held
Junior Murray,Q6313384,Q6581097,male,position-held
Nixon McLean,Q16214515,Q6581097,male,position-held
Curtly Ambrose,Q3007862,Q6581097,male,position-held
Roland Holder,Q7360273,Q6581097,male,position-held
Thomas Stuer-Lauridsen,Q973256,Q6581097,male,participated
Thomas Stuer-Lauridsen,Q973256,Q6581097,male,geographicalRelation
Ong Ewe Hock,Q2024205,Q6581097,male,participated
Ong Ewe Hock,Q2024205,Q6581097,male,geographicalRelation
Rashid Sidek,Q958235,Q6581097,male,participated
Rashid Sidek,Q958235,Q6581097,male,geographicalRelation
Hermawan Susanto,Q979967,Q6581097,male,geographicalRelation
Hermawan Susanto,Q979967,Q6581097,male,participated
Budi Santoso,Q1001420,Q6581097,male,geographicalRelation
Budi Santoso,Q1001420,Q6581097,male,participated
Fung Permadi,Q463102,Q6581097,male,geographicalRelation
Fung Permadi,Q463102,Q6581097,male,opposite
Gong Zhichao,Q272479,Q6581072,female,geographicalRelation
Gong Zhichao,Q272479,Q6581072,female,participated
Mia Audina,Q265153,Q6581072,female,participated
Mia Audina,Q265153,Q6581072,female,geographicalRelation
Ye Zhaoying,Q275158,Q6581072,female,geographicalRelation
Ye Zhaoying,Q275158,Q6581072,female,participated
Ye Zhaoying,Q275158,Q6581072,female,geographicalRelation
Ye Zhaoying,Q275158,Q6581072,female,opposite
Meiluawati,Q1917844,Q6581072,female,participated
Meiluawati,Q1917844,Q6581072,female,geographicalRelation
Camilla Martin,Q448676,Q6581072,female,geographicalRelation
Camilla Martin,Q448676,Q6581072,female,participated
Camilla Martin,Q448676,Q6581072,female,opposite
Camilla Martin,Q448676,Q6581072,female,geographicalRelation
Susi Susanti,Q464589,Q6581072,female,geographicalRelation
Susi Susanti,Q464589,Q6581072,female,participated
Susi Susanti,Q464589,Q6581072,female,geographicalRelation
Susi Susanti,Q464589,Q6581072,female,opposite
Daniel Pearl,Q357936,Q6581097,male,position-held
Daniel Pearl,Q357936,Q6581097,male,geographicalRelation
John Waters,Q314926,Q6581097,male,position-held
Walter R. Booth,Q134062,Q6581097,male,position-held
Walter R. Booth,Q134062,Q6581097,male,position-held
Cecil Hepworth,Q1052322,Q6581097,male,position-held
Chris Landreth,Q329073,Q6581097,male,geographicalRelation
Chris Landreth,Q329073,Q6581097,male,member
Chris Landreth,Q329073,Q6581097,male,participated
Zack Snyder,Q139890,Q6581097,male,usage
Zack Snyder,Q139890,Q6581097,male,contributes
Clint Eastwood,Q43203,Q6581097,male,usage
Clint Eastwood,Q43203,Q6581097,male,contributes
Damien Chazelle,Q18350026,Q6581097,male,usage
Damien Chazelle,Q18350026,Q6581097,male,contributes
Patty Jenkins,Q456910,Q6581072,female,usage
Patty Jenkins,Q456910,Q6581072,female,contributes
Cary Joji Fukunaga,Q512103,Q6581097,male,usage
Cary Joji Fukunaga,Q512103,Q6581097,male,contributes
Joseph Kosinski,Q2444076,Q6581097,male,usage
Joseph Kosinski,Q2444076,Q6581097,male,contributes
Louis Daguerre,Q131405,Q6581097,male,contributes
Henry Fox Talbot,Q299565,Q6581097,male,contributes
David Avidan,Q706526,Q6581097,male,equivalent-to
Carmen Electra,Q185122,Q6581072,female,position-held
Traci Bingham,Q263906,Q6581072,female,position-held
Heidi Mark,Q2249390,Q6581072,female,position-held
Joanne Dru,Q240250,Q6581072,female,position-held
Macdonald Carey,Q304828,Q6581097,male,position-held
Kenny Florian,Q1365755,Q6581097,male,position-held
Nina Axelrod,Q4409586,Q6581072,female,position-held
Adam Savage,Q297618,Q6581097,male,member
Adam Savage,Q297618,Q6581097,male,position-held
Vernon Davis,Q1972672,Q6581097,male,position-held
Arthur Ganson,Q709449,Q6581097,male,geographicalRelation
Sam Katzman,Q7407730,Q6581097,male,position-held
William Castle,Q934087,Q6581097,male,position-held
Howard Keel,Q325427,Q6581097,male,position-held
Kathryn Grayson,Q234117,Q6581072,female,position-held
Ann Miller,Q241701,Q6581072,female,position-held
Keenan Wynn,Q946859,Q6581097,male,position-held
Bobby Van,Q4935658,Q6581097,male,position-held
James Whitmore,Q313040,Q6581097,male,position-held
John B. Mason,Q6220032,Q6581097,male,position-held
L. Scott Caldwell,Q1990672,Q6581072,female,contributes
L. Scott Caldwell,Q1990672,Q6581072,female,position-held
Sam Anderson,Q374447,Q6581097,male,contributes
Sam Anderson,Q374447,Q6581097,male,position-held
Derek Shepherd,Q941961,Q6581097,male,relationship
Derek Shepherd,Q941961,Q6581097,male,contributes
Derek Shepherd,Q941961,Q6581097,male,position-held
Patrick Dempsey,Q212518,Q6581097,male,contributes
Patrick Dempsey,Q212518,Q6581097,male,position-held
Izzie Stevens,Q2263741,Q6581072,female,contributes
Izzie Stevens,Q2263741,Q6581072,female,position-held
Izzie Stevens,Q2263741,Q6581072,female,contributes
Izzie Stevens,Q2263741,Q6581072,female,relationship
Izzie Stevens,Q2263741,Q6581072,female,position-held
Katherine Heigl,Q189554,Q6581072,female,contributes
Katherine Heigl,Q189554,Q6581072,female,position-held
Katherine Heigl,Q189554,Q6581072,female,contributes
Katherine Heigl,Q189554,Q6581072,female,position-held
Jeffrey Dean Morgan,Q342665,Q6581097,male,contributes
Jeffrey Dean Morgan,Q342665,Q6581097,male,position-held
Jeffrey Dean Morgan,Q342665,Q6581097,male,contributes
Jeffrey Dean Morgan,Q342665,Q6581097,male,position-held
Meredith Grey,Q429828,Q6581072,female,contributes
Meredith Grey,Q429828,Q6581072,female,position-held
Ellen Pompeo,Q215849,Q6581072,female,contributes
Ellen Pompeo,Q215849,Q6581072,female,position-held
Vladimir Menshov,Q726105,Q6581097,male,participated
John Sevier,Q888391,Q6581097,male,member
Hanging Maw,Q5648002,Q6581097,male,equivalent-to
Hanging Maw,Q5648002,Q6581097,male,geographicalRelation
Apollo,Q37340,Q6581097,male,relationship
Apollo,Q37340,Q6581097,male,contributes
Leigh S. J. Hunt,Q6519669,Q6581097,male,geographicalRelation
Alessandra Becatti,Q37783606,Q6581072,female,member
Alessandra Becatti,Q37783606,Q6581072,female,position-held
Hermann Sudermann,Q65448,Q6581097,male,contributes
Henry Stephenson,Q1607291,Q6581097,male,position-held
Charles Waldron,Q2960422,Q6581097,male,position-held
Juan Miguel Aguilera,Q3109112,Q6581097,male,equivalent-to
Elizabeth Mitchell,Q229394,Q6581072,female,position-held
Elizabeth Mitchell,Q229394,Q6581072,female,contributes
Juliet Burke,Q51298,Q6581072,female,position-held
Juliet Burke,Q51298,Q6581072,female,contributes
Kiele Sanchez,Q230465,Q6581072,female,position-held
Kiele Sanchez,Q230465,Q6581072,female,contributes
Rodrigo Santoro,Q294819,Q6581097,male,position-held
Rodrigo Santoro,Q294819,Q6581097,male,contributes
Jay Boekelheide,Q1684305,Q6581097,male,participated
Randy Thom,Q2130828,Q6581097,male,participated
Loretta Devine,Q257271,Q6581072,female,contributes
Loretta Devine,Q257271,Q6581072,female,position-held
Sarah Utterback,Q454541,Q6581072,female,contributes
Sarah Utterback,Q454541,Q6581072,female,position-held
Earl Bellamy,Q524386,Q6581097,male,contributes
Richard Boone,Q1277018,Q6581097,male,position-held
Henry Wilcoxon,Q1372180,Q6581097,male,position-held
Michael Winner,Q722890,Q6581097,male,contributes
Michael Caine,Q123351,Q6581097,male,geographicalRelation
Michael Caine,Q123351,Q6581097,male,position-held
Michael Caine,Q123351,Q6581097,male,position-held
Michael Caine,Q123351,Q6581097,male,position-held
Roger Moore,Q134333,Q6581097,male,position-held
M. C. Gainey,Q722038,Q6581097,male,contributes
M. C. Gainey,Q722038,Q6581097,male,position-held
Ethan Rom,Q51692,Q6581097,male,contributes
Ethan Rom,Q51692,Q6581097,male,position-held
William Mapother,Q318231,Q6581097,male,contributes
William Mapother,Q318231,Q6581097,male,position-held
Constantine XI Palaiologos,Q37142,Q6581097,male,member
Miloš Obilić,Q314075,Q6581097,male,member
Đurađ I Balšić,Q2592835,Q6581097,male,member
Ivan Crnojević,Q1281792,Q6581097,male,member
Nikola Karev,Q1396875,Q6581097,male,member
Vasil Levski,Q318461,Q6581097,male,member
Hristo Botev,Q347118,Q6581097,male,member
Miranda Bailey,Q2400233,Q6581072,female,contributes
Miranda Bailey,Q2400233,Q6581072,female,relationship
Miranda Bailey,Q2400233,Q6581072,female,position-held
Chandra Wilson,Q40090,Q6581072,female,contributes
Chandra Wilson,Q40090,Q6581072,female,relationship
Chandra Wilson,Q40090,Q6581072,female,position-held
Callie Torres,Q2397174,Q6581072,female,contributes
Callie Torres,Q2397174,Q6581072,female,position-held
Henry Ian Cusick,Q294404,Q6581097,male,position-held
Henry Ian Cusick,Q294404,Q6581097,male,contributes
Desmond Hume,Q51287,Q6581097,male,position-held
Desmond Hume,Q51287,Q6581097,male,equivalent-to
Desmond Hume,Q51287,Q6581097,male,contributes
Michael Emerson,Q276302,Q6581097,male,position-held
Michael Emerson,Q276302,Q6581097,male,contributes
Ben Linus,Q51281,Q6581097,male,position-held
Ben Linus,Q51281,Q6581097,male,contributes
Robin Williams,Q83338,Q6581097,male,position-held
Scott Weinger,Q892444,Q6581097,male,position-held
Porus,Q28935,Q6581097,male,member
Perdiccas,Q202113,Q6581097,male,participated
Vladan Đorđević,Q701339,Q6581097,male,geographicalRelation
Bruce Willis,Q2680,Q6581097,male,position-held
Sylvester Stallone,Q40026,Q6581097,male,position-held
Demi Moore,Q43044,Q6581072,female,position-held
Helen Keller,Q38203,Q6581072,female,contributes
Helen Keller,Q38203,Q6581072,female,position-held
Crystal Eastman,Q4945589,Q6581072,female,contributes
Crystal Eastman,Q4945589,Q6581072,female,position-held
Walter Nelles,Q7965711,Q6581097,male,contributes
Walter Nelles,Q7965711,Q6581097,male,position-held
Morris Ernst,Q6913689,Q6581097,male,contributes
Morris Ernst,Q6913689,Q6581097,male,position-held
Morris Ernst,Q6913689,Q6581097,male,position-held
Morris Ernst,Q6913689,Q6581097,male,opposite
Morris Ernst,Q6913689,Q6581097,male,opposite
Morris Ernst,Q6913689,Q6581097,male,opposite
Albert DeSilver,Q4710022,Q6581097,male,contributes
Albert DeSilver,Q4710022,Q6581097,male,position-held
Arthur Garfield Hays,Q4798786,Q6581097,male,contributes
Arthur Garfield Hays,Q4798786,Q6581097,male,position-held
Jane Addams,Q180989,Q6581072,female,contributes
Jane Addams,Q180989,Q6581072,female,position-held
Felix Frankfurter,Q1403472,Q6581097,male,contributes
Felix Frankfurter,Q1403472,Q6581097,male,position-held
Norman Thomas,Q162820,Q6581097,male,position-held
Norman Thomas,Q162820,Q6581097,male,opposite
Norman Thomas,Q162820,Q6581097,male,opposite
Norman Thomas,Q162820,Q6581097,male,opposite
John Haynes Holmes,Q15460850,Q6581097,male,position-held
John Haynes Holmes,Q15460850,Q6581097,male,opposite
John Haynes Holmes,Q15460850,Q6581097,male,opposite
John Haynes Holmes,Q15460850,Q6581097,male,opposite
Harry F. Ward,Q15436540,Q6581097,male,opposite
Harry F. Ward,Q15436540,Q6581097,male,opposite
Harry F. Ward,Q15436540,Q6581097,male,opposite
Harry F. Ward,Q15436540,Q6581097,male,position-held
Corliss Lamont,Q2478543,Q6581097,male,opposite
Corliss Lamont,Q2478543,Q6581097,male,opposite
Corliss Lamont,Q2478543,Q6581097,male,opposite
Corliss Lamont,Q2478543,Q6581097,male,position-held
Elizabeth Gurley Flynn,Q463265,Q6581072,female,contributes
Elizabeth Gurley Flynn,Q463265,Q6581072,female,position-held
Elizabeth Gurley Flynn,Q463265,Q6581072,female,opposite
Elizabeth Gurley Flynn,Q463265,Q6581072,female,opposite
Elizabeth Gurley Flynn,Q463265,Q6581072,female,opposite
Elizabeth Gurley Flynn,Q463265,Q6581072,female,position-held
Sunetra Sarker,Q7639958,Q6581072,female,position-held
Sunetra Sarker,Q7639958,Q6581072,female,position-held
Wes Nelson,Q61742302,Q6581097,male,position-held
Wes Nelson,Q61742302,Q6581097,male,position-held
Nikki Sanderson,Q3876884,Q6581072,female,position-held
Nikki Sanderson,Q3876884,Q6581072,female,position-held
Muhammad Ali,Q36107,Q6581097,male,relationship
Michael Aris,Q983928,Q6581097,male,relationship
Michael Aris,Q983928,Q6581097,male,contributes
Michael Aris,Q983928,Q6581097,male,topic
Michael Aris,Q983928,Q6581097,male,position-held
Luc Besson,Q484779,Q6581097,male,contributes
Michelle Yeoh,Q214289,Q6581072,female,contributes
Michelle Yeoh,Q214289,Q6581072,female,position-held
David Thewlis,Q212790,Q6581097,male,contributes
David Thewlis,Q212790,Q6581097,male,position-held
Cvjetko Popović,Q5197155,Q6581097,male,position-held
Cvjetko Popović,Q5197155,Q6581097,male,position-held
Muhamed Mehmedbašić,Q3498411,Q6581097,male,position-held
Muhamed Mehmedbašić,Q3498411,Q6581097,male,position-held
Vaso Čubrilović,Q550413,Q6581097,male,position-held
Vaso Čubrilović,Q550413,Q6581097,male,position-held
Yasser Arafat,Q34211,Q6581097,male,position-held
Yasser Arafat,Q34211,Q6581097,male,equivalent-to
Yasser Arafat,Q34211,Q6581097,male,geographicalRelation
Yasser Arafat,Q34211,Q6581097,male,equivalent-to
Yasser Arafat,Q34211,Q6581097,male,relationship
Yasser Arafat,Q34211,Q6581097,male,geographicalRelation
Benjamin Netanyahu,Q43723,Q6581097,male,equivalent-to
Benjamin Netanyahu,Q43723,Q6581097,male,opposite
Benjamin Netanyahu,Q43723,Q6581097,male,opposite
Walter Hallstein,Q159995,Q6581097,male,position-held
Walter Hallstein,Q159995,Q6581097,male,position-held
Walter Hallstein,Q159995,Q6581097,male,position-held
Walter Hallstein,Q159995,Q6581097,male,position-held
Walter Hallstein,Q159995,Q6581097,male,position-held
Walter Hallstein,Q159995,Q6581097,male,position-held
Walter Hallstein,Q159995,Q6581097,male,position-held
Walter Hallstein,Q159995,Q6581097,male,position-held
Walter Hallstein,Q159995,Q6581097,male,position-held
Walter Hallstein,Q159995,Q6581097,male,position-held
John of Gaunt,Q193752,Q6581097,male,position-held
John of Gaunt,Q193752,Q6581097,male,relationship
Liu Bei,Q245315,Q6581097,male,participated
Sun Quan,Q313327,Q6581097,male,participated
Sun Quan,Q313327,Q6581097,male,position-held
Lü Meng,Q470080,Q6581097,male,position-held
Kat Bjelland,Q2638175,Q6581072,female,member
Kat Bjelland,Q2638175,Q6581072,female,geographicalRelation
Greta Garbo,Q5443,Q6581072,female,position-held
George Cukor,Q56014,Q6581097,male,position-held
Sean Bean,Q191104,Q6581097,male,position-held
Owen Teale,Q361536,Q6581097,male,position-held
Nero,Q1413,Q6581097,male,position-held
Jean Dujardin,Q189422,Q6581097,male,position-held
Jean Dujardin,Q189422,Q6581097,male,contributes
Georges Picquart,Q717539,Q6581097,male,equivalent-to
Alfred Dreyfus,Q171826,Q6581097,male,member
Alfred Dreyfus,Q171826,Q6581097,male,position-held
Alfred Dreyfus,Q171826,Q6581097,male,geographicalRelation
Mansur I,Q2717231,Q6581097,male,position-held
Volker Schlöndorff,Q57316,Q6581097,male,contributes
Volker Schlöndorff,Q57316,Q6581097,male,participated
Shirley Temple,Q182580,Q6581072,female,position-held
Shirley Temple,Q182580,Q6581072,female,position-held
Alan Greenspan,Q193635,Q6581097,male,position-held
Alan Greenspan,Q193635,Q6581097,male,position-held
Nathaniel Branden,Q741456,Q6581097,male,equivalent-to
Leonard Peikoff,Q1235503,Q6581097,male,relationship
Maxwell Knight,Q6796120,Q6581097,male,geographicalRelation
Samuel Pepys,Q106143,Q6581097,male,member
Leslie Howard,Q156178,Q6581097,male,contributes
Leslie Howard,Q156178,Q6581097,male,position-held
Ada Lovelace,Q7259,Q6581072,female,member
Alexander Iolas,Q2622622,Q6581097,male,position-held
Leonardo da Vinci,Q762,Q6581097,male,equivalent-to
Leonardo da Vinci,Q762,Q6581097,male,equivalent-to
Leonardo da Vinci,Q762,Q6581097,male,contributes
Mary Pickford,Q104109,Q6581072,female,member
Mary Pickford,Q104109,Q6581072,female,position-held
Douglas Fairbanks,Q104127,Q6581097,male,relationship
Douglas Fairbanks,Q104127,Q6581097,male,position-held
Franklin Lewis,Q5491663,Q6581097,male,geographicalRelation
Franklin Lewis,Q5491663,Q6581097,male,position-held
Rem Koolhaas,Q232364,Q6581097,male,equivalent-to
Alec Baldwin,Q170572,Q6581097,male,position-held
Alec Baldwin,Q170572,Q6581097,male,contributes
Brian Stokes Mitchell,Q3644511,Q6581097,male,position-held
Brian Stokes Mitchell,Q3644511,Q6581097,male,contributes
Walter Bobbie,Q7964331,Q6581097,male,position-held
Elton John,Q2808,Q6581097,male,geographicalRelation
Elton John,Q2808,Q6581097,male,position-held
Richard Branson,Q194419,Q6581097,male,geographicalRelation
Richard Branson,Q194419,Q6581097,male,position-held
Simon Cowell,Q162629,Q6581097,male,geographicalRelation
Simon Cowell,Q162629,Q6581097,male,position-held
Anatole Litvak,Q213581,Q6581097,male,contributes
Aeneas,Q82732,Q6581097,male,member
Aeneas,Q82732,Q6581097,male,relationship
Lena Dunham,Q288359,Q6581072,female,contributes
Lena Dunham,Q288359,Q6581072,female,position-held
Victor Fleming,Q62503,Q6581097,male,position-held
Victor Fleming,Q62503,Q6581097,male,geographicalRelation
Victor Fleming,Q62503,Q6581097,male,contributes
Victor Fleming,Q62503,Q6581097,male,contributes
Ron Howard,Q103646,Q6581097,male,position-held
Roger Perry,Q3439358,Q6581097,male,geographicalRelation
Mart Laar,Q307473,Q6581097,male,position-held
Mart Laar,Q307473,Q6581097,male,position-held
Walt Disney,Q8704,Q6581097,male,position-held
Theseus,Q1320718,Q6581097,male,member
Theseus,Q1320718,Q6581097,male,geographicalRelation
Theseus,Q1320718,Q6581097,male,geographicalRelation
Theseus,Q1320718,Q6581097,male,geographicalRelation
Pierre Teilhard de Chardin,Q189564,Q6581097,male,geographicalRelation
Pierre Teilhard de Chardin,Q189564,Q6581097,male,relationship
Pierre Teilhard de Chardin,Q189564,Q6581097,male,relationship
Ethan Hawke,Q484615,Q6581097,male,position-held
Gwyneth Paltrow,Q34460,Q6581072,female,position-held
Jareth,Q6160149,Q6581097,male,member
Jareth,Q6160149,Q6581097,male,equivalent-to
Pontius Pilate,Q17131,Q6581097,male,member
Harry James,Q163861,Q6581097,male,relationship
Mikhail Romm,Q461726,Q6581097,male,position-held
Mikhail Romm,Q461726,Q6581097,male,geographicalRelation
Mikhail Romm,Q461726,Q6581097,male,position-held
Kim Basinger,Q131380,Q6581072,female,position-held
Harry Dean Stanton,Q314290,Q6581097,male,position-held
Randy Quaid,Q316647,Q6581097,male,position-held
Elizabeth Branwell,Q3051192,Q6581072,female,relationship
Charles Lindbergh,Q1618,Q6581097,male,position-held
Krishna,Q42891,Q6581097,male,relationship
Krishna,Q42891,Q6581097,male,geographicalRelation
George Canning,Q219731,Q6581097,male,equivalent-to
Napoleon,Q517,Q6581097,male,position-held
Napoleon,Q517,Q6581097,male,contributes
Napoleon,Q517,Q6581097,male,participated
Napoleon,Q517,Q6581097,male,position-held
Napoleon,Q517,Q6581097,male,contributes
NeNe Leakes,Q6983877,Q6581072,female,position-held
Nicki Minaj,Q162202,Q6581072,female,position-held
Solange Knowles,Q231228,Q6581072,female,position-held
Mariah Carey,Q41076,Q6581072,female,position-held
Lutz D. Schmadel,Q62374,Q6581097,male,contributes
Lutz D. Schmadel,Q62374,Q6581097,male,relationship
Jeffrey Lieber,Q376260,Q6581097,male,contributes
J. J. Abrams,Q188137,Q6581097,male,contributes
J. J. Abrams,Q188137,Q6581097,male,equivalent-to
Damon Lindelof,Q310556,Q6581097,male,contributes
Lynn Ahrens,Q293323,Q6581072,female,participated
Mark Harmon,Q296774,Q6581097,male,member
Mark Harmon,Q296774,Q6581097,male,position-held
Mark Harmon,Q296774,Q6581097,male,contributes
Fredric Lehne,Q1364838,Q6581097,male,member
Fredric Lehne,Q1364838,Q6581097,male,position-held
Fredric Lehne,Q1364838,Q6581097,male,contributes
Max Wright,Q550653,Q6581097,male,member
Max Wright,Q550653,Q6581097,male,position-held
Max Wright,Q550653,Q6581097,male,contributes
Ellis Hillman,Q16013645,Q6581097,male,relationship
Ellis Hillman,Q16013645,Q6581097,male,geographicalRelation
Ellis Hillman,Q16013645,Q6581097,male,position-held
Ellis Hillman,Q16013645,Q6581097,male,position-held
Catherine Zeta-Jones,Q47664,Q6581072,female,position-held
Catherine Zeta-Jones,Q47664,Q6581072,female,contributes
Velma Kelly,Q7919235,Q6581072,female,position-held
Velma Kelly,Q7919235,Q6581072,female,contributes
Susan Misner,Q462955,Q6581072,female,position-held
Susan Misner,Q462955,Q6581072,female,contributes
Denise Faye,Q5257661,Q6581072,female,position-held
Denise Faye,Q5257661,Q6581072,female,contributes
Ekaterina Shchelkanova,Q3875064,Q6581072,female,position-held
Ekaterina Shchelkanova,Q3875064,Q6581072,female,contributes
Beau Bridges,Q309640,Q6581097,male,participated
Beau Bridges,Q309640,Q6581097,male,position-held
Beau Bridges,Q309640,Q6581097,male,position-held
Beau Bridges,Q309640,Q6581097,male,position-held
Beau Bridges,Q309640,Q6581097,male,contributes
John Wayne,Q40531,Q6581097,male,position-held
Rita Hayworth,Q42745,Q6581072,female,position-held
Dean Martin,Q215359,Q6581097,male,position-held
Jerry Lewis,Q294927,Q6581097,male,position-held
Lou Pearlman,Q730887,Q6581097,male,geographicalRelation
Lou Pearlman,Q730887,Q6581097,male,member
Lou Pearlman,Q730887,Q6581097,male,position-held
Lou Pearlman,Q730887,Q6581097,male,member
Lou Pearlman,Q730887,Q6581097,male,position-held
Lou Pearlman,Q730887,Q6581097,male,member
Lou Pearlman,Q730887,Q6581097,male,position-held
Lou Pearlman,Q730887,Q6581097,male,member
Lou Pearlman,Q730887,Q6581097,male,position-held
Lou Pearlman,Q730887,Q6581097,male,member
Lou Pearlman,Q730887,Q6581097,male,position-held
Lou Pearlman,Q730887,Q6581097,male,contributes
Lou Pearlman,Q730887,Q6581097,male,contributes
Lou Pearlman,Q730887,Q6581097,male,contributes
Lou Pearlman,Q730887,Q6581097,male,contributes
Lou Pearlman,Q730887,Q6581097,male,contributes
Glen Campbell,Q162667,Q6581097,male,member
Bobbie Gentry,Q272253,Q6581072,female,member
John Denver,Q105460,Q6581097,male,member
Olivia Newton-John,Q185165,Q6581072,female,member
Sandy Pearlman,Q1101838,Q6581097,male,position-held
Sandy Pearlman,Q1101838,Q6581097,male,position-held
Tom Werman,Q2440207,Q6581097,male,position-held
Tom Werman,Q2440207,Q6581097,male,position-held
Tom Werman,Q2440207,Q6581097,male,position-held
Marcel Janco,Q366217,Q6581097,male,contributes
Ty Burr,Q3542638,Q6581097,male,position-held
Joseph Papp,Q5480583,Q6581097,male,contributes
Clive Owen,Q183178,Q6581097,male,position-held
Julianne Moore,Q80405,Q6581072,female,position-held
Robert Moses,Q1111386,Q6581097,male,topic
Robert Moses,Q1111386,Q6581097,male,equivalent-to
Chris Schenkel,Q1077729,Q6581097,male,participated
Chris Schenkel,Q1077729,Q6581097,male,position-held
Holden Caulfield,Q720235,Q6581097,male,contributes
Holden Caulfield,Q720235,Q6581097,male,member
Banjo Paterson,Q436699,Q6581097,male,equivalent-to
Banjo Paterson,Q436699,Q6581097,male,contributes
Sidney Lumet,Q51559,Q6581097,male,position-held
Sydney Pollack,Q51522,Q6581097,male,participated
Sydney Pollack,Q51522,Q6581097,male,contributes
Mixmaster Morris,Q3317284,Q6581097,male,position-held
Andrea Fischer,Q64528,Q6581072,female,position-held
Andrea Fischer,Q64528,Q6581072,female,member
Franz Fischler,Q78587,Q6581097,male,position-held
Loyola de Palacio,Q255657,Q6581072,female,equivalent-to
Loyola de Palacio,Q255657,Q6581072,female,opposite
Loyola de Palacio,Q255657,Q6581072,female,position-held
Lien Chan,Q558718,Q6581097,male,equivalent-to
Lien Chan,Q558718,Q6581097,male,geographicalRelation
Lien Chan,Q558718,Q6581097,male,opposite
Costas Simitis,Q155390,Q6581097,male,position-held
Itamar Rabinovich,Q701793,Q6581097,male,position-held
Itamar Rabinovich,Q701793,Q6581097,male,position-held
Itamar Rabinovich,Q701793,Q6581097,male,position-held
Massoud Rajavi,Q1554548,Q6581097,male,position-held
Massoud Rajavi,Q1554548,Q6581097,male,geographicalRelation
Massoud Rajavi,Q1554548,Q6581097,male,position-held
Massoud Rajavi,Q1554548,Q6581097,male,position-held
Shimon Peres,Q57410,Q6581097,male,equivalent-to
Shimon Peres,Q57410,Q6581097,male,geographicalRelation
Shimon Peres,Q57410,Q6581097,male,geographicalRelation
Shimon Peres,Q57410,Q6581097,male,relationship
Shimon Peres,Q57410,Q6581097,male,geographicalRelation
